{"vertexPositions":[-323.596588,0,232.1875,-323.596588,0,488.854095,-163.596603,0,232.1875,-163.596603,0,488.854095,-163.596603,0,232.1875,-323.596588,0,488.854095,-163.596603,0,232.1875,-163.596603,0,488.854095,-3.5966,0,232.1875,-3.5966,0,488.854095,-3.5966,0,232.1875,-163.596603,0,488.854095,-3.5966,0,232.1875,-3.5966,0,488.854095,156.403397,0,232.1875,156.403397,0,488.854095,156.403397,0,232.1875,-3.5966,0,488.854095,156.403397,0,232.1875,156.403397,0,488.854095,316.403412,0,232.1875,316.403412,0,488.854095,316.403412,0,232.1875,156.403397,0,488.854095,-323.596588,0,-24.479099,-323.596588,0,232.1875,-163.596603,0,-24.479099,-163.596603,0,232.1875,-163.596603,0,-24.479099,-323.596588,0,232.1875,-163.596603,0,-24.479099,-163.596603,0,232.1875,-3.5966,0,-24.479099,-3.5966,0,232.1875,-3.5966,0,-24.479099,-163.596603,0,232.1875,-3.5966,0,-24.479099,-3.5966,0,232.1875,156.403397,0,-24.479099,156.403397,0,232.1875,156.403397,0,-24.479099,-3.5966,0,232.1875,156.403397,0,-24.479099,156.403397,0,232.1875,316.403412,0,-24.479099,316.403412,0,232.1875,316.403412,0,-24.479099,156.403397,0,232.1875,-323.596588,0,-281.145813,-323.596588,0,-24.479099,-163.596603,0,-281.145813,-163.596603,0,-24.479099,-163.596603,0,-281.145813,-323.596588,0,-24.479099,-163.596603,0,-281.145813,-163.596603,0,-24.479099,-3.5966,0,-281.145813,-3.5966,0,-24.479099,-3.5966,0,-281.145813,-163.596603,0,-24.479099,-3.5966,0,-281.145813,-3.5966,0,-24.479099,156.403397,0,-281.145813,156.403397,0,-24.479099,156.403397,0,-281.145813,-3.5966,0,-24.479099,156.403397,0,-281.145813,156.403397,0,-24.479099,316.403412,0,-281.145813,316.403412,0,-24.479099,316.403412,0,-281.145813,156.403397,0,-24.479099,-323.596588,0,-537.812378,-323.596588,0,-281.145813,-163.596603,0,-537.812378,-163.596603,0,-281.145813,-163.596603,0,-537.812378,-323.596588,0,-281.145813,-163.596603,0,-537.812378,-163.596603,0,-281.145813,-3.5966,0,-537.812378,-3.5966,0,-281.145813,-3.5966,0,-537.812378,-163.596603,0,-281.145813,-3.5966,0,-537.812378,-3.5966,0,-281.145813,156.403397,0,-537.812378,156.403397,0,-281.145813,156.403397,0,-537.812378,-3.5966,0,-281.145813,156.403397,0,-537.812378,156.403397,0,-281.145813,316.403412,0,-537.812378,316.403412,0,-281.145813,316.403412,0,-537.812378,156.403397,0,-281.145813],"vertexNormals":[0,1,0,0,1,0,0,1,0,0,1,0,0,1,0,0,1,0,0,1,0,0,1,0,0,1,0,0,1,0,0,1,0,0,1,0,0,1,0,0,1,0,0,1,0,0,1,0,0,1,0,0,1,0,0,1,0,0,1,0,0,1,0,0,1,0,0,1,0,0,1,0,0,1,0,0,1,0,0,1,0,0,1,0,0,1,0,0,1,0,0,1,0,0,1,0,0,1,0,0,1,0,0,1,0,0,1,0,0,1,0,0,1,0,0,1,0,0,1,0,0,1,0,0,1,0,0,1,0,0,1,0,0,1,0,0,1,0,0,1,0,0,1,0,0,1,0,0,1,0,0,1,0,0,1,0,0,1,0,0,1,0,0,1,0,0,1,0,0,1,0,0,1,0,0,1,0,0,1,0,0,1,0,0,1,0,0,1,0,0,1,0,0,1,0,0,1,0,0,1,0,0,1,0,0,1,0,0,1,0,0,1,0,0,1,0,0,1,0,0,1,0,0,1,0,0,1,0,0,1,0,0,1,0,0,1,0,0,1,0,0,1,0,0,1,0,0,1,0,0,1,0,0,1,0,0,1,0,0,1,0,0,1,0,0,1,0,0,1,0,0,1,0,0,1,0,0,1,0,0,1,0,0,1,0,0,1,0],"vertexTextureCoords":[0,0.25,0,0,0.25,0.25,0.25,0,0.25,0.25,0,0,0.25,0.25,0.25,0,0.5,0.25,0.5,0,0.5,0.25,0.25,0,0.5,0.25,0.5,0,0.75,0.25,0.75,0,0.75,0.25,0.5,0,0.75,0.25,0.75,0,1,0.25,1,0,1,0.25,0.75,0,0,0.5,0,0.25,0.25,0.5,0.25,0.25,0.25,0.5,0,0.25,0.25,0.5,0.25,0.25,0.5,0.5,0.5,0.25,0.5,0.5,0.25,0.25,0.5,0.5,0.5,0.25,0.75,0.5,0.75,0.25,0.75,0.5,0.5,0.25,0.75,0.5,0.75,0.25,1,0.5,1,0.25,1,0.5,0.75,0.25,0,0.75,0,0.5,0.25,0.75,0.25,0.5,0.25,0.75,0,0.5,0.25,0.75,0.25,0.5,0.5,0.75,0.5,0.5,0.5,0.75,0.25,0.5,0.5,0.75,0.5,0.5,0.75,0.75,0.75,0.5,0.75,0.75,0.5,0.5,0.75,0.75,0.75,0.5,1,0.75,1,0.5,1,0.75,0.75,0.5,0,1,0,0.75,0.25,1,0.25,0.75,0.25,1,0,0.75,0.25,1,0.25,0.75,0.5,1,0.5,0.75,0.5,1,0.25,0.75,0.5,1,0.5,0.75,0.75,1,0.75,0.75,0.75,1,0.5,0.75,0.75,1,0.75,0.75,1,1,1,0.75,1,1,0.75,0.75],"indices":[0,1,2,3,4,5,6,7,8,9,10,11,12,13,14,15,16,17,18,19,20,21,22,23,24,25,26,27,28,29,30,31,32,33,34,35,36,37,38,39,40,41,42,43,44,45,46,47,48,49,50,51,52,53,54,55,56,57,58,59,60,61,62,63,64,65,66,67,68,69,70,71,72,73,74,75,76,77,78,79,80,81,82,83,84,85,86,87,88,89,90,91,92,93,94,95]}